Division,District,Facility Name,Email,Reporting Date,Suspected cases (24h),Confirmed cases (24h),Suspected deaths (24h),Confirmed deaths (24h),Admitted (24h),Discharged (24h),Serum samples sent (24h),,,,
Barisal,Barguna,Barguna Civil Surgeon Office,barguna@cs.dghs.gov.bd,4/21/2026,13,0,0,0,4,5,0,,,,
Barisal,Barisal,Barisal Civil Surgeon Office,barisal@cs.dghs.gov.bd,4/21/2026,36,0,1,0,38,54,0,,,,
Barisal,Bhola,Bhola Civil Surgeon Office,bhola@cs.dghs.gov.bd,4/21/2026,9,0,0,0,9,15,0,,,,
Barisal,Jhalakathi,Jhalakathi Civil Surgeon Office,jhalakathi@cs.dghs.gov.bd,4/21/2026,5,0,0,0,2,2,0,,,,
Barisal,Patuakhali,Patuakhali Civil Surgeon Office,patuakhali@cs.dghs.gov.bd,4/21/2026,31,0,0,0,31,15,0,,,,
Barisal,Pirojpur,Pirojpur Civil Surgeon Office,pirojpur@cs.dghs.gov.bd,4/21/2026,6,0,0,0,5,1,0,,,,
Barisal,Barguna,Barguna Civil Surgeon Office,barguna@cs.dghs.gov.bd,4/22/2026,13,0,0,0,4,4,0,,,,
Barisal,Barisal,Barisal Civil Surgeon Office,barisal@cs.dghs.gov.bd,4/22/2026,55,0,0,0,55,32,0,,,,
Barisal,Barguna,Barguna Civil Surgeon Office,barguna@cs.dghs.gov.bd,4/23/2026,5,0,0,0,5,1,0,,,,
Barisal,Barisal,Barisal Civil Surgeon Office,barisal@cs.dghs.gov.bd,4/23/2026,34,0,0,0,34,37,0,,,,
Barisal,Bhola,Bhola Civil Surgeon Office,bhola@cs.dghs.gov.bd,4/23/2026,7,5,0,0,7,5,0,,,,
Barisal,Jhalakathi,Jhalakathi Civil Surgeon Office,jhalakathi@cs.dghs.gov.bd,4/23/2026,14,0,0,0,4,1,0,,,,
Barisal,Patuakhali,Patuakhali Civil Surgeon Office,patuakhali@cs.dghs.gov.bd,4/23/2026,0,0,0,0,26,18,0,,,,
Barisal,Pirojpur,Pirojpur Civil Surgeon Office,pirojpur@cs.dghs.gov.bd,4/23/2026,4,2,0,0,4,7,0,,,,
Barisal,Barguna,Barguna Civil Surgeon Office,barguna@cs.dghs.gov.bd,4/24/2026,14,0,0,0,6,2,0,,,,
Barisal,Barisal,Barisal Civil Surgeon Office,barisal@cs.dghs.gov.bd,4/24/2026,11,0,0,0,9,9,0,,,,
Barisal,Bhola,Bhola Civil Surgeon Office,bhola@cs.dghs.gov.bd,4/24/2026,7,0,0,0,7,18,0,,,,
Barisal,Jhalakathi,Jhalakathi Civil Surgeon Office,jhalakathi@cs.dghs.gov.bd,4/24/2026,6,0,0,0,3,0,0,,,,
Barisal,Patuakhali,Patuakhali Civil Surgeon Office,patuakhali@cs.dghs.gov.bd,4/24/2026,29,0,0,0,29,26,0,,,,
Barisal,Pirojpur,Pirojpur Civil Surgeon Office,pirojpur@cs.dghs.gov.bd,4/24/2026,0,0,0,0,1,4,0,,,,
Barisal,Barguna,Barguna Civil Surgeon Office,barguna@cs.dghs.gov.bd,4/25/2026,8,0,0,0,8,0,0,,,,
Barisal,Barisal,Barisal Civil Surgeon Office,barisal@cs.dghs.gov.bd,4/25/2026,31,0,0,0,31,6,0,,,,
Barisal,Bhola,Bhola Civil Surgeon Office,bhola@cs.dghs.gov.bd,4/25/2026,9,0,0,0,9,13,0,,,,
Barisal,Jhalakathi,Jhalakathi Civil Surgeon Office,jhalakathi@cs.dghs.gov.bd,4/25/2026,0,0,0,0,0,0,0,,,,
Barisal,Patuakhali,Patuakhali Civil Surgeon Office,patuakhali@cs.dghs.gov.bd,4/25/2026,19,1,0,0,19,15,0,,,,
Barisal,Pirojpur,Pirojpur Civil Surgeon Office,pirojpur@cs.dghs.gov.bd,4/25/2026,0,0,0,0,0,0,0,,,,
Chattogram,Bandarban,Bandarban Civil Surgeon Office,bandarban@cs.dghs.gov.bd,4/21/2026,2,0,0,0,2,1,0,,,,
Chattogram,Brahmanbaria,Brahmanbaria Civil Surgeon Office,brahmanbaria@cs.dghs.gov.bd,4/21/2026,4,0,0,0,4,4,0,,,,
Chattogram,Chandpur,Chandpur Civil Surgeon Office,chandpur@cs.dghs.gov.bd,4/21/2026,13,0,0,0,13,12,0,,,,
Chattogram,Chattogram,Chattogram Civil Surgeon Office,chittagong@cs.dghs.gov.bd,4/21/2026,21,0,0,0,21,7,0,,,,
Chattogram,Cox's Bazar,Cox's Bazar Civil Surgeon Office,coxsbazar@cs.dghs.gov.bd,4/21/2026,53,0,0,0,53,38,0,,,,
Chattogram,Cumilla,Cumilla Civil Surgeon Office,cumilla@cs.dghs.gov.bd,4/21/2026,25,0,0,0,23,23,0,,,,
Chattogram,Feni,Feni Civil Surgeon Office,feni@cs.dghs.gov.bd,4/21/2026,5,0,0,0,7,2,0,,,,
Chattogram,Khagrachhari,Khagrachhari Civil Surgeon Office,khagrachhari@cs.dghs.gov.bd,4/21/2026,0,0,0,0,0,0,0,,,,
Chattogram,Lakshmipur,Lakshmipur Civil Surgeon Office,lakshmipur@cs.dghs.gov.bd,4/21/2026,19,0,0,0,19,17,0,,,,
Chattogram,Noakhali,Noakhali Civil Surgeon Office,noakhali@cs.dghs.gov.bd,4/21/2026,20,0,0,0,20,18,0,,,,
Chattogram,Rangamati,Rangamati Civil Surgeon Office,rangamati@cs.dghs.gov.bd,4/21/2026,0,0,0,0,0,0,0,,,,
Barisal,Bhola,Bhola Civil Surgeon Office,bhola@cs.dghs.gov.bd,4/22/2026,14,0,0,0,14,9,0,,,,
Barisal,Jhalakathi,Jhalakathi Civil Surgeon Office,jhalakathi@cs.dghs.gov.bd,4/22/2026,3,0,0,0,3,3,0,,,,
Barisal,Patuakhali,Patuakhali Civil Surgeon Office,patuakhali@cs.dghs.gov.bd,4/22/2026,20,0,0,0,20,15,0,,,,
Barisal,Pirojpur,Pirojpur Civil Surgeon Office,pirojpur@cs.dghs.gov.bd,4/22/2026,7,0,0,0,4,3,0,,,,
Chattogram,Bandarban,Bandarban Civil Surgeon Office,bandarban@cs.dghs.gov.bd,4/22/2026,2,0,0,0,2,1,0,,,,
Chattogram,Brahmanbaria,Brahmanbaria Civil Surgeon Office,brahmanbaria@cs.dghs.gov.bd,4/22/2026,5,0,0,0,5,6,0,,,,
Chattogram,Chandpur,Chandpur Civil Surgeon Office,chandpur@cs.dghs.gov.bd,4/22/2026,19,0,0,0,19,10,0,,,,
Chattogram,Chattogram,Chattogram Civil Surgeon Office,chittagong@cs.dghs.gov.bd,4/22/2026,34,0,0,0,34,7,0,,,,
Chattogram,Cox's Bazar,Cox's Bazar Civil Surgeon Office,coxsbazar@cs.dghs.gov.bd,4/22/2026,50,0,1,0,50,31,0,,,,
Chattogram,Bandarban,Bandarban Civil Surgeon Office,bandarban@cs.dghs.gov.bd,4/23/2026,7,7,0,0,5,3,0,,,,
Chattogram,Brahmanbaria,Brahmanbaria Civil Surgeon Office,brahmanbaria@cs.dghs.gov.bd,4/23/2026,5,0,0,0,5,0,0,,,,
Chattogram,Chandpur,Chandpur Civil Surgeon Office,chandpur@cs.dghs.gov.bd,4/23/2026,6,0,0,0,6,17,0,,,,
Chattogram,Chattogram,Chattogram Civil Surgeon Office,chittagong@cs.dghs.gov.bd,4/23/2026,21,12,0,0,31,12,0,,,,
Chattogram,Cox's Bazar,Cox's Bazar Civil Surgeon Office,coxsbazar@cs.dghs.gov.bd,4/23/2026,56,0,1,0,54,47,0,,,,
Chattogram,Cumilla,Cumilla Civil Surgeon Office,cumilla@cs.dghs.gov.bd,4/23/2026,37,0,0,0,28,30,0,,,,
Chattogram,Feni,Feni Civil Surgeon Office,feni@cs.dghs.gov.bd,4/23/2026,4,0,0,0,1,5,0,,,,
Chattogram,Khagrachhari,Khagrachhari Civil Surgeon Office,khagrachhari@cs.dghs.gov.bd,4/23/2026,0,0,0,0,0,0,0,,,,
Chattogram,Lakshmipur,Lakshmipur Civil Surgeon Office,lakshmipur@cs.dghs.gov.bd,4/23/2026,16,0,0,0,16,21,0,,,,
Chattogram,Noakhali,Noakhali Civil Surgeon Office,noakhali@cs.dghs.gov.bd,4/23/2026,22,0,0,0,22,11,0,,,,
Chattogram,Rangamati,Rangamati Civil Surgeon Office,rangamati@cs.dghs.gov.bd,4/23/2026,0,0,0,0,0,0,0,,,,
Chattogram,Bandarban,Bandarban Civil Surgeon Office,bandarban@cs.dghs.gov.bd,4/24/2026,16,0,0,0,11,0,0,,,,
Chattogram,Brahmanbaria,Brahmanbaria Civil Surgeon Office,brahmanbaria@cs.dghs.gov.bd,4/24/2026,1,0,0,0,1,9,0,,,,
Chattogram,Chandpur,Chandpur Civil Surgeon Office,chandpur@cs.dghs.gov.bd,4/24/2026,23,2,0,0,18,2,0,,,,
Chattogram,Chattogram,Chattogram Civil Surgeon Office,chittagong@cs.dghs.gov.bd,4/24/2026,29,4,0,0,29,16,0,,,,
Chattogram,Cox's Bazar,Cox's Bazar Civil Surgeon Office,coxsbazar@cs.dghs.gov.bd,4/24/2026,41,0,0,0,41,52,0,,,,
Chattogram,Cumilla,Cumilla Civil Surgeon Office,cumilla@cs.dghs.gov.bd,4/24/2026,29,0,0,0,29,26,0,,,,
Chattogram,Feni,Feni Civil Surgeon Office,feni@cs.dghs.gov.bd,4/24/2026,4,0,0,0,7,3,0,,,,
Chattogram,Khagrachhari,Khagrachhari Civil Surgeon Office,khagrachhari@cs.dghs.gov.bd,4/24/2026,0,0,0,0,0,0,0,,,,
Chattogram,Lakshmipur,Lakshmipur Civil Surgeon Office,lakshmipur@cs.dghs.gov.bd,4/24/2026,19,0,0,0,19,13,0,,,,
Chattogram,Noakhali,Noakhali Civil Surgeon Office,noakhali@cs.dghs.gov.bd,4/24/2026,10,0,0,0,10,0,0,,,,
Chattogram,Rangamati,Rangamati Civil Surgeon Office,rangamati@cs.dghs.gov.bd,4/24/2026,0,0,0,0,0,0,0,,,,
Chattogram,Bandarban,Bandarban Civil Surgeon Office,bandarban@cs.dghs.gov.bd,4/25/2026,9,0,1,0,8,2,0,,,,
Chattogram,Brahmanbaria,Brahmanbaria Civil Surgeon Office,brahmanbaria@cs.dghs.gov.bd,4/25/2026,5,5,1,0,5,6,0,,,,
Chattogram,Chandpur,Chandpur Civil Surgeon Office,chandpur@cs.dghs.gov.bd,4/25/2026,10,10,0,0,10,17,0,,,,
Chattogram,Chattogram,Chattogram Civil Surgeon Office,chittagong@cs.dghs.gov.bd,4/25/2026,13,15,2,0,13,9,0,,,,
Chattogram,Cox's Bazar,Cox's Bazar Civil Surgeon Office,coxsbazar@cs.dghs.gov.bd,4/25/2026,67,0,1,0,67,40,0,,,,
Chattogram,Cumilla,Cumilla Civil Surgeon Office,cumilla@cs.dghs.gov.bd,4/25/2026,0,0,0,0,30,22,0,,,,
Chattogram,Feni,Feni Civil Surgeon Office,feni@cs.dghs.gov.bd,4/25/2026,0,0,0,0,2,2,0,,,,
Chattogram,Khagrachhari,Khagrachhari Civil Surgeon Office,khagrachhari@cs.dghs.gov.bd,4/25/2026,0,0,0,0,0,0,0,,,,
Chattogram,Lakshmipur,Lakshmipur Civil Surgeon Office,lakshmipur@cs.dghs.gov.bd,4/25/2026,8,0,0,0,8,7,0,,,,
Chattogram,Noakhali,Noakhali Civil Surgeon Office,noakhali@cs.dghs.gov.bd,4/25/2026,21,0,0,0,21,23,0,,,,
Chattogram,Rangamati,Rangamati Civil Surgeon Office,rangamati@cs.dghs.gov.bd,4/25/2026,0,0,0,0,0,0,0,,,,
Dhaka,Dhaka,Aalok Hospital Ltd.,aalokbd195@gmail.com,4/21/2026,1,19,0,0,0,0,0,,,,
Dhaka,Dhaka,Anwer Khan Modern Medical College Hospital,akmmchcovid19@gmail.com,4/21/2026,0,9,0,0,0,0,0,,,,
Dhaka,Dhaka,Bangladesh medical University,bmu@example.com,4/21/2026,5,5,0,0,5,1,0,,,,
Dhaka,Dhaka,Bangladesh Shishu (Children) Hospital & Institute,epiddsh@gmail.com,4/21/2026,5,0,0,0,5,9,0,,,,
Dhaka,Dhaka,Bangladesh Specialized Hospital,bshl.dhaka@gmail.com,4/21/2026,0,0,0,0,0,1,0,,,,
Dhaka,Dhaka,BIHS General Hospital,mhasemanto@gmail.com,4/21/2026,0,1,0,0,0,0,0,,,,
Dhaka,Dhaka,BIRDEM Women & Children Hospital,birdem-2@dab-bd.org,4/21/2026,2,0,0,0,2,0,0,,,,
Dhaka,Dhaka,BRB Hospital Ltd,rasel.hr@brbhospital.com,4/21/2026,3,0,0,0,25,20,0,,,,
Dhaka,Dhaka,Central Police Hospital,unkown@cph.gov.bd,4/21/2026,0,2,0,0,0,2,0,,,,
Dhaka,Dhaka,Delta Hospital Ltd.,amiruldelta@gmail.com,4/21/2026,1,0,0,0,1,0,0,,,,
Dhaka,Dhaka,Dhaka Civil Surgeon Office,dhaka@cs.dghs.gov.bd,4/21/2026,86,1,0,0,66,34,0,,,,
Dhaka,Dhaka,Dhaka Medical College Hospital,dmch@hospi.dghs.gov.bd,4/21/2026,5,5,0,0,5,1,0,,,,
Dhaka,Dhaka,"DNCC Dedicated Covid-19 Hospital, Mohakhali, Dhaka",dncc.covid@hospi.dghs.gov.bd,4/21/2026,174,78,0,0,98,89,0,,,,
Dhaka,Dhaka,"Dr. M R Khan Shishu Hospital & Institute of Child Health, Mirpur-2, Dhaka",mrkhan.shishu@gmail.com,4/21/2026,27,24,0,0,4,3,0,,,,
Dhaka,Dhaka,"Dr.Sirajul Islam Medical College & Hospital Ltd.,",simch.bd@gmail.com,4/21/2026,0,12,0,0,2,2,0,,,,
Dhaka,Dhaka,Enam Medical College & Hospital,info@emch.com.bd,4/21/2026,0,0,0,1,5,6,0,,,,
Dhaka,Dhaka,Evercare Hospital Dhaka,mrdept@evercarebd.com,4/21/2026,0,0,0,0,0,1,0,,,,
Dhaka,Dhaka,Holy Family Red Crescent M.C Hospital,hfrcmchdhaka@yahoo.com,4/21/2026,0,1,0,0,0,1,0,,,,
Dhaka,Dhaka,"Infectious Diseases Hospital, Mohakhali",kidh@hospi.dghs.gov.bd,4/21/2026,40,0,0,0,10,14,0,,,,
Dhaka,Dhaka,Kurmitola General Hospital,curmitolahospital@hospi.dghs.gov.bd,4/21/2026,11,0,0,0,5,2,0,,,,
Dhaka,Dhaka,Labaid Hospital,shankarpanday144@gmail.com,4/21/2026,1,1,0,0,1,1,0,,,,
Dhaka,Dhaka,Medical College for Women & Hospital,nurarubel@outlook.com,4/21/2026,1,1,0,0,1,0,0,,,,
Dhaka,Dhaka,Millennium Specialized Hospital Ltd.,infomshl99@gmail.com,4/21/2026,1,0,0,0,0,1,0,,,,
Dhaka,Dhaka,Mugda Medical College Hospital,first@hospi.dghs.gov.bd,4/21/2026,22,0,0,0,22,14,0,,,,
Dhaka,Dhaka,Shaheed Monsur Ali Medical College Hospital,smamch.1995@gmail.com,4/21/2026,0,0,0,0,3,0,0,,,,
Dhaka,Dhaka,Shaheed Suhrawardy Medical College Hospital,ssh@hospi.dghs.gov.bd,4/21/2026,27,0,0,0,25,46,0,,,,
Dhaka,Dhaka,Square Hospital Ltd.,muktadir@squarehospital.com,4/21/2026,0,0,0,0,1,1,0,,,,
Dhaka,Dhaka,Universal Medical College & Hospital,umcrc2022@gmail.com,4/21/2026,0,1,0,0,0,2,0,,,,
Dhaka,Dhaka,Uttara Crescent Hopital,shuvo.uch@gmail.com,4/21/2026,0,0,0,0,0,1,0,,,,
Dhaka,Faridpur,Faridpur Civil Surgeon Office,faridpur@cs.dghs.gov.bd,4/21/2026,39,0,0,0,37,16,0,,,,
Dhaka,Gazipur,Gazipur Civil Surgeon Office,gazipur@cs.dghs.gov.bd,4/21/2026,14,11,0,0,14,16,0,,,,
Dhaka,Gopalganj,Gopalganj Civil Surgeon Office,gopalganj@cs.dghs.gov.bd,4/21/2026,17,0,0,0,15,9,0,,,,
Dhaka,Kishoreganj,Kishoreganj Civil Surgeon Office,kishoreganj@cs.dghs.gov.bd,4/21/2026,24,0,0,0,21,34,0,,,,
Dhaka,Madaripur,Madaripur Civil Surgeon Office,madaripur@cs.dghs.gov.bd,4/21/2026,12,0,0,0,11,12,0,,,,
Dhaka,Manikganj,Manikganj Civil Surgeon Office,manikganj@cs.dghs.gov.bd,4/21/2026,17,0,0,0,17,11,0,,,,
Dhaka,Munshiganj,Munshiganj Civil Surgeon Office,munshiganj@cs.dghs.gov.bd,4/21/2026,0,0,0,0,0,2,0,,,,
Dhaka,Narayanganj,Narayanganj Civil Surgeon Office,narayanganj@cs.dghs.gov.bd,4/21/2026,0,0,0,0,0,0,0,,,,
Dhaka,Narsingdi,Narsingdi Civil Surgeon Office,narsingdi@cs.dghs.gov.bd,4/21/2026,11,0,0,0,11,3,0,,,,
Dhaka,Rajbari,Rajbari Civil Surgeon Office,rajbari@cs.dghs.gov.bd,4/21/2026,8,0,0,0,6,6,0,,,,
Dhaka,Shariatpur,Shariatpur Civil Surgeon Office,shariatpur@cs.dghs.gov.bd,4/21/2026,0,0,0,0,0,0,0,,,,
Dhaka,Tangail,Tangail Civil Surgeon Office,tangail@cs.dghs.gov.bd,4/21/2026,27,0,0,0,27,28,0,,,,
Chattogram,Cumilla,Cumilla Civil Surgeon Office,cumilla@cs.dghs.gov.bd,4/22/2026,43,0,0,0,37,38,0,,,,
Chattogram,Feni,Feni Civil Surgeon Office,feni@cs.dghs.gov.bd,4/22/2026,4,0,0,0,6,4,0,,,,
Chattogram,Khagrachhari,Khagrachhari Civil Surgeon Office,khagrachhari@cs.dghs.gov.bd,4/22/2026,0,0,0,0,0,0,0,,,,
Chattogram,Lakshmipur,Lakshmipur Civil Surgeon Office,lakshmipur@cs.dghs.gov.bd,4/22/2026,19,0,0,0,19,15,0,,,,
Chattogram,Noakhali,Noakhali Civil Surgeon Office,noakhali@cs.dghs.gov.bd,4/22/2026,20,0,0,0,20,19,0,,,,
Chattogram,Rangamati,Rangamati Civil Surgeon Office,rangamati@cs.dghs.gov.bd,4/22/2026,0,0,0,0,0,0,0,,,,
Dhaka,Dhaka,"Ad-din Women's Medical College Hospital, Moghbazar, Dhaka-1217",mdshihab886@gmail.com,4/22/2026,0,0,0,0,0,1,0,,,,
Dhaka,Dhaka,Aichi Hospital LTD,sabik.aichi@gmail.com,4/22/2026,0,0,0,0,0,1,0,,,,
Dhaka,Dhaka,Anwer Khan Modern Medical College Hospital,akmmchcovid19@gmail.com,4/22/2026,0,11,0,0,3,0,0,,,,
Dhaka,Dhaka,Asgar Ali Hospital,zahidulhaq@asgaralihospital.com,4/22/2026,1,1,0,0,1,0,0,,,,
Dhaka,Dhaka,Bangladesh medical University,bmu@example.com,4/22/2026,7,7,0,0,7,0,0,,,,
Dhaka,Dhaka,Bangladesh Shishu (Children) Hospital & Institute,epiddsh@gmail.com,4/22/2026,10,0,1,0,10,13,0,,,,
Dhaka,Dhaka,Bangladesh Specialized Hospital,bshl.dhaka@gmail.com,4/22/2026,2,1,0,0,0,2,0,,,,
Dhaka,Dhaka,BIHS General Hospital,mhasemanto@gmail.com,4/22/2026,2,0,0,0,2,0,0,,,,
Dhaka,Dhaka,BIRDEM Women & Children Hospital,birdem-2@dab-bd.org,4/22/2026,1,0,0,0,0,0,0,,,,
Dhaka,Dhaka,BRB Hospital Ltd,rasel.hr@brbhospital.com,4/22/2026,0,0,0,0,0,1,0,,,,
Dhaka,Dhaka,Central Police Hospital,unkown@cph.gov.bd,4/22/2026,0,2,0,0,0,2,0,,,,
Dhaka,Dhaka,Delta Hospital Ltd.,amiruldelta@gmail.com,4/22/2026,0,0,0,0,1,1,0,,,,
Dhaka,Dhaka,Dhaka Civil Surgeon Office,dhaka@cs.dghs.gov.bd,4/22/2026,3,0,0,0,3,1,0,,,,
Dhaka,Dhaka,Dhaka Community Medical college Hospital,ashrafulislamirfan@gmail.com,4/22/2026,73,3,0,0,2,2,0,,,,
Dhaka,Dhaka,Dhaka Medical College Hospital,dmch@hospi.dghs.gov.bd,4/22/2026,2,2,0,0,2,2,0,,,,
Dhaka,Dhaka,"DNCC Dedicated Covid-19 Hospital, Mohakhali, Dhaka",dncc.covid@hospi.dghs.gov.bd,4/22/2026,192,15,2,0,123,117,0,,,,
Dhaka,Dhaka,"Dr. M R Khan Shishu Hospital & Institute of Child Health, Mirpur-2, Dhaka",mrkhan.shishu@gmail.com,4/22/2026,22,20,0,0,9,10,0,,,,
Dhaka,Dhaka,Enam Medical College & Hospital,info@emch.com.bd,4/22/2026,0,0,0,0,7,5,0,,,,
Dhaka,Dhaka,Evercare Hospital Dhaka,mrdept@evercarebd.com,4/22/2026,1,0,0,0,1,2,0,,,,
Dhaka,Faridpur,Faridpur Civil Surgeon Office,faridpur@cs.dghs.gov.bd,4/22/2026,34,0,0,0,33,31,0,,,,
Dhaka,Gazipur,Gazipur Civil Surgeon Office,gazipur@cs.dghs.gov.bd,4/22/2026,19,8,0,0,19,19,0,,,,
Dhaka,Gopalganj,Gopalganj Civil Surgeon Office,gopalganj@cs.dghs.gov.bd,4/22/2026,21,0,0,0,20,12,0,,,,
Dhaka,Dhaka,Holy Family Red Crescent M.C Hospital,hfrcmchdhaka@yahoo.com,4/22/2026,0,36,0,0,0,4,0,,,,
Dhaka,Dhaka,"Infectious Diseases Hospital, Mohakhali",kidh@hospi.dghs.gov.bd,4/22/2026,28,0,0,0,15,8,0,,,,
Dhaka,Kishoreganj,Kishoreganj Civil Surgeon Office,kishoreganj@cs.dghs.gov.bd,4/22/2026,15,0,0,0,23,12,0,,,,
Dhaka,Dhaka,Kurmitola General Hospital,curmitolahospital@hospi.dghs.gov.bd,4/22/2026,1,2,0,0,1,1,0,,,,
Dhaka,Dhaka,Kuwait Bangladesh Friendship Govt. Hospital,kbfgh@hospi.dghs.gov.bd,4/22/2026,0,4,0,0,3,1,0,,,,
Dhaka,Madaripur,Madaripur Civil Surgeon Office,madaripur@cs.dghs.gov.bd,4/22/2026,20,0,0,0,19,5,0,,,,
Dhaka,Manikganj,Manikganj Civil Surgeon Office,manikganj@cs.dghs.gov.bd,4/22/2026,13,0,0,0,12,16,0,,,,
Dhaka,Dhaka,Medical College for Women & Hospital,nurarubel@outlook.com,4/22/2026,0,3,0,0,3,2,0,,,,
Dhaka,Dhaka,Millennium Specialized Hospital Ltd.,infomshl99@gmail.com,4/22/2026,0,0,0,0,0,2,0,,,,
Dhaka,Dhaka,Mugda Medical College Hospital,first@hospi.dghs.gov.bd,4/22/2026,12,0,0,0,12,13,0,,,,
Dhaka,Munshiganj,Munshiganj Civil Surgeon Office,munshiganj@cs.dghs.gov.bd,4/22/2026,3,0,0,0,0,2,0,,,,
Dhaka,Narayanganj,Narayanganj Civil Surgeon Office,narayanganj@cs.dghs.gov.bd,4/22/2026,0,0,0,0,0,0,0,,,,
Dhaka,Narsingdi,Narsingdi Civil Surgeon Office,narsingdi@cs.dghs.gov.bd,4/22/2026,10,0,0,0,10,14,0,,,,
Dhaka,Rajbari,Rajbari Civil Surgeon Office,rajbari@cs.dghs.gov.bd,4/22/2026,0,0,0,0,0,0,0,,,,
Dhaka,Dhaka,Shaheed Monsur Ali Medical College Hospital,smamch.1995@gmail.com,4/22/2026,0,0,0,0,2,1,0,,,,
Dhaka,Dhaka,Shaheed Suhrawardy Medical College Hospital,ssh@hospi.dghs.gov.bd,4/22/2026,36,0,0,0,30,24,0,,,,
Dhaka,Shariatpur,Shariatpur Civil Surgeon Office,shariatpur@cs.dghs.gov.bd,4/22/2026,8,0,0,0,7,2,0,,,,
Dhaka,Dhaka,Square Hospital Ltd.,muktadir@squarehospital.com,4/22/2026,0,3,0,0,0,3,0,,,,
Dhaka,Tangail,Tangail Civil Surgeon Office,tangail@cs.dghs.gov.bd,4/22/2026,23,0,1,0,23,17,0,,,,
Dhaka,Dhaka,Universal Medical College & Hospital,umcrc2022@gmail.com,4/22/2026,0,1,0,0,0,1,0,,,,
Dhaka,Dhaka,Uttara Crescent Hopital,shuvo.uch@gmail.com,4/22/2026,3,3,0,0,3,2,0,,,,
Khulna,Bagerhat,Bagerhat Civil Surgeon Office,bagerhat@cs.dghs.gov.bd,4/22/2026,1,0,0,0,1,3,0,,,,
Khulna,Chuadanga,Chuadanga Civil Surgeon Office,chuadanga@cs.dghs.gov.bd,4/22/2026,1,0,0,0,1,3,0,,,,
Khulna,Jashore,Jashore Civil Surgeon Office,jashore@cs.dghs.gov.bd,4/22/2026,13,0,0,0,13,15,0,,,,
Khulna,Jhenaidah,Jhenaidah Civil Surgeon Office,jhenaidah@cs.dghs.gov.bd,4/22/2026,3,0,0,0,3,7,0,,,,
Khulna,Khulna,Khulna Civil Surgeon Office,khulna@cs.dghs.gov.bd,4/22/2026,4,0,0,0,4,5,0,,,,
Khulna,Kushtia,Kushtia Civil Surgeon Office,kushtia@cs.dghs.gov.bd,4/22/2026,28,0,0,0,28,22,0,,,,
Khulna,Magura,Magura Civil Surgeon Office,magura@cs.dghs.gov.bd,4/22/2026,7,0,0,0,7,6,0,,,,
Khulna,Meherpur,Meherpur Civil Surgeon Office,meherpur@cs.dghs.gov.bd,4/22/2026,6,0,0,0,6,2,0,,,,
Khulna,Narail,Narail Civil Surgeon Office,narail@cs.dghs.gov.bd,4/22/2026,3,0,0,0,3,4,0,,,,
Khulna,Satkhira,Satkhira Civil Surgeon Office,satkhira@cs.dghs.gov.bd,4/22/2026,1,0,0,0,1,2,0,,,,
Mymensingh,Jamalpur,Jamalpur Civil Surgeon Office,jamalpur@cs.dghs.gov.bd,4/22/2026,3,0,0,0,3,5,0,,,,
Dhaka,Dhaka,Aichi Hospital LTD,sabik.aichi@gmail.com,4/23/2026,0,1,0,0,0,2,0,,,,
Dhaka,Dhaka,Anwer Khan Modern Medical College Hospital,akmmchcovid19@gmail.com,4/23/2026,0,10,0,0,2,3,0,,,,
Dhaka,Dhaka,Asgar Ali Hospital,zahidulhaq@asgaralihospital.com,4/23/2026,2,2,0,0,2,0,0,,,,
Dhaka,Dhaka,Bangladesh medical University,bmu@example.com,4/23/2026,6,6,0,0,6,3,0,,,,
Dhaka,Dhaka,Bangladesh Shishu (Children) Hospital & Institute,epiddsh@gmail.com,4/23/2026,11,0,0,0,11,11,0,,,,
Dhaka,Dhaka,Bangladesh Specialized Hospital,bshl.dhaka@gmail.com,4/23/2026,4,2,0,0,4,1,0,,,,
Dhaka,Dhaka,BIHS General Hospital,mhasemanto@gmail.com,4/23/2026,3,0,0,0,3,1,0,,,,
Dhaka,Dhaka,BRB Hospital Ltd,rasel.hr@brbhospital.com,4/23/2026,25,1,0,0,0,0,0,,,,
Dhaka,Dhaka,Central Police Hospital,unkown@cph.gov.bd,4/23/2026,1,3,0,0,1,2,0,,,,
Dhaka,Dhaka,City Hospital Ltd.,cityhosp.bd@gmail.com,4/23/2026,0,1,0,0,0,0,0,,,,
Dhaka,Dhaka,Continental Hospital,continental@example.com,4/23/2026,1,0,0,0,1,0,0,,,,
Dhaka,Dhaka,Dhaka Civil Surgeon Office,dhaka@cs.dghs.gov.bd,4/23/2026,6,0,0,0,6,7,0,,,,
Dhaka,Dhaka,Dhaka Medical College Hospital,dmch@hospi.dghs.gov.bd,4/23/2026,1,1,0,0,1,1,0,,,,
Dhaka,Dhaka,"DNCC Dedicated Covid-19 Hospital, Mohakhali, Dhaka",dncc.covid@hospi.dghs.gov.bd,4/23/2026,207,0,1,0,100,147,0,,,,
Dhaka,Dhaka,"Dr. M R Khan Shishu Hospital & Institute of Child Health, Mirpur-2, Dhaka",mrkhan.shishu@gmail.com,4/23/2026,24,20,0,0,12,12,0,,,,
Dhaka,Dhaka,Enam Medical College & Hospital,info@emch.com.bd,4/23/2026,0,0,0,1,5,5,0,,,,
Dhaka,Dhaka,Evercare Hospital Dhaka,mrdept@evercarebd.com,4/23/2026,0,1,0,0,0,1,0,,,,
Dhaka,Dhaka,Holy Family Red Crescent M.C Hospital,hfrcmchdhaka@yahoo.com,4/23/2026,0,2,0,0,0,4,0,,,,
Dhaka,Dhaka,"Infectious Diseases Hospital, Mohakhali",kidh@hospi.dghs.gov.bd,4/23/2026,32,13,0,0,15,11,0,,,,
Dhaka,Dhaka,Kurmitola General Hospital,curmitolahospital@hospi.dghs.gov.bd,4/23/2026,1,0,0,0,0,0,0,,,,
Dhaka,Dhaka,Kuwait Bangladesh Friendship Govt. Hospital,kbfgh@hospi.dghs.gov.bd,4/23/2026,0,0,0,0,0,3,0,,,,
Dhaka,Dhaka,Labaid Hospital,shankarpanday144@gmail.com,4/23/2026,1,1,0,0,1,1,0,,,,
Dhaka,Dhaka,Medical College for Women & Hospital,nurarubel@outlook.com,4/23/2026,0,0,0,0,0,6,0,,,,
Dhaka,Dhaka,Millennium Specialized Hospital Ltd.,infomshl99@gmail.com,4/23/2026,0,1,0,0,1,2,0,,,,
Dhaka,Dhaka,Mugda Medical College Hospital,first@hospi.dghs.gov.bd,4/23/2026,15,0,0,0,15,15,0,,,,
Dhaka,Dhaka,Shaheed Monsur Ali Medical College Hospital,smamch.1995@gmail.com,4/23/2026,0,0,0,0,1,1,0,,,,
Dhaka,Dhaka,Shaheed Suhrawardy Medical College Hospital,ssh@hospi.dghs.gov.bd,4/23/2026,39,21,0,0,36,29,0,,,,
Dhaka,Dhaka,Sir Salimullah Medical College Mitford Hospital,mitford@hospi.dghs.gov.bd,4/23/2026,0,0,0,0,1,1,0,,,,
Dhaka,Dhaka,Uttara Crescent Hopital,shuvo.uch@gmail.com,4/23/2026,1,1,0,0,1,1,0,,,,
Dhaka,Faridpur,Faridpur Civil Surgeon Office,faridpur@cs.dghs.gov.bd,4/23/2026,33,0,0,0,33,30,0,,,,
Dhaka,Gazipur,Gazipur Civil Surgeon Office,gazipur@cs.dghs.gov.bd,4/23/2026,15,0,0,0,15,13,0,,,,
Dhaka,Gopalganj,Gopalganj Civil Surgeon Office,gopalganj@cs.dghs.gov.bd,4/23/2026,14,0,0,0,13,26,0,,,,
Dhaka,Kishoreganj,Kishoreganj Civil Surgeon Office,kishoreganj@cs.dghs.gov.bd,4/23/2026,19,0,0,0,19,22,0,,,,
Dhaka,Madaripur,Madaripur Civil Surgeon Office,madaripur@cs.dghs.gov.bd,4/23/2026,8,0,0,0,8,13,0,,,,
Dhaka,Manikganj,Manikganj Civil Surgeon Office,manikganj@cs.dghs.gov.bd,4/23/2026,16,0,0,0,16,8,0,,,,
Dhaka,Munshiganj,Munshiganj Civil Surgeon Office,munshiganj@cs.dghs.gov.bd,4/23/2026,0,1,0,0,0,2,0,,,,
Dhaka,Narayanganj,Narayanganj Civil Surgeon Office,narayanganj@cs.dghs.gov.bd,4/23/2026,0,0,0,0,0,0,0,,,,
Dhaka,Narsingdi,Narsingdi Civil Surgeon Office,narsingdi@cs.dghs.gov.bd,4/23/2026,8,0,0,0,8,7,0,,,,
Dhaka,Rajbari,Rajbari Civil Surgeon Office,rajbari@cs.dghs.gov.bd,4/23/2026,0,0,0,0,0,0,0,,,,
Dhaka,Shariatpur,Shariatpur Civil Surgeon Office,shariatpur@cs.dghs.gov.bd,4/23/2026,2,0,0,0,2,4,0,,,,
Dhaka,Tangail,Tangail Civil Surgeon Office,tangail@cs.dghs.gov.bd,4/23/2026,25,2,1,0,16,25,0,,,,
Dhaka,Dhaka,Aalok Hospital Ltd.,aalokbd195@gmail.com,4/24/2026,0,0,0,0,0,0,0,,,,
Dhaka,Dhaka,Ad-din Barister Rafique ul-huq Hospital,abrhhospital8@gmail.com,4/24/2026,0,0,0,0,0,0,0,,,,
Dhaka,Dhaka,"Ad-din Women's Medical College Hospital, Moghbazar, Dhaka-1217",mdshihab886@gmail.com,4/24/2026,0,0,0,0,0,0,0,,,,
Dhaka,Dhaka,Aichi Hospital LTD,sabik.aichi@gmail.com,4/24/2026,0,0,0,0,0,0,0,,,,
Dhaka,Dhaka,Al Manar Hospital Ltd.,almanarhospital1996@gmail.com,4/24/2026,0,0,0,0,0,0,0,,,,
Dhaka,Dhaka,AMZ Hospital Ltd,amzhospitalltd.mis10699@gmail.com,4/24/2026,0,0,0,0,0,0,0,,,,
Dhaka,Dhaka,Anwer Khan Modern Medical College Hospital,akmmchcovid19@gmail.com,4/24/2026,0,8,0,0,0,2,0,,,,
Dhaka,Dhaka,Asgar Ali Hospital,zahidulhaq@asgaralihospital.com,4/24/2026,1,1,0,0,1,1,0,,,,
Dhaka,Dhaka,Bangladesh Medical College Hospital,bmchdhaka@gmail.com,4/24/2026,0,0,0,0,0,0,0,,,,
Dhaka,Dhaka,Bangladesh medical University,bmu@example.com,4/24/2026,6,6,0,0,6,1,0,,,,
Dhaka,Dhaka,Bangladesh Shishu (Children) Hospital & Institute,epiddsh@gmail.com,4/24/2026,22,0,0,0,22,13,0,,,,
Dhaka,Dhaka,Bangladesh Specialized Hospital,bshl.dhaka@gmail.com,4/24/2026,0,0,0,0,0,0,0,,,,
Dhaka,Dhaka,Bashundhara Ad-din Medical College Hospital,bashundharaaddin@gmail.com,4/24/2026,0,0,0,0,0,0,0,,,,
Dhaka,Dhaka,Better Life Hospital Ltd,betterlife@fargroupbd.com,4/24/2026,0,0,0,0,0,0,0,,,,
Dhaka,Dhaka,BIHS General Hospital,mhasemanto@gmail.com,4/24/2026,0,0,0,0,0,0,0,,,,
Dhaka,Dhaka,BIRDEM General Hospital,birdemmateon2021@gmail.com,4/24/2026,0,0,0,0,0,0,0,,,,
Dhaka,Dhaka,BIRDEM Women & Children Hospital,birdem-2@dab-bd.org,4/24/2026,1,0,0,0,1,1,0,,,,
Dhaka,Dhaka,BRB Hospital Ltd,rasel.hr@brbhospital.com,4/24/2026,1,1,0,0,1,1,0,,,,
Dhaka,Dhaka,Central Hospital Limited,nursingserviceschl@gmail.com,4/24/2026,0,0,0,0,0,0,0,,,,
Dhaka,Dhaka,Central Police Hospital,unkown@cph.gov.bd,4/24/2026,0,3,0,0,0,0,0,,,,
Dhaka,Dhaka,City Hospital Ltd.,cityhosp.bd@gmail.com,4/24/2026,0,0,0,0,0,0,0,,,,
Dhaka,Dhaka,Continental Hospital,continental@example.com,4/24/2026,0,0,0,0,0,0,0,,,,
Dhaka,Dhaka,Crescent Gastroliver & General Hospital Ltd.,crescentgastroliver2010@gmail.com,4/24/2026,0,0,0,0,0,0,0,,,,
Dhaka,Dhaka,Delta Hospital Ltd.,amiruldelta@gmail.com,4/24/2026,0,0,0,0,0,0,0,,,,
Dhaka,Dhaka,Dhaka Central International Medical College & Hospital (DCIMCH),admin@dcimch.com,4/24/2026,0,0,0,0,0,0,0,,,,
Dhaka,Dhaka,Dhaka Civil Surgeon Office,dhaka@cs.dghs.gov.bd,4/24/2026,4,0,0,0,4,4,0,,,,
Dhaka,Dhaka,Dhaka Community Medical college Hospital,ashrafulislamirfan@gmail.com,4/24/2026,0,0,0,0,0,0,0,,,,
Dhaka,Dhaka,Dhaka Health Care,dhhhospital@gmail.com,4/24/2026,0,0,0,0,0,0,0,,,,
Dhaka,Dhaka,Dhaka Medical College Hospital,dmch@hospi.dghs.gov.bd,4/24/2026,6,6,1,1,6,3,0,,,,
Dhaka,Dhaka,Dhanmondi General & Kidney Hospital Ltd.,khairuldgkh2022@gmail.com,4/24/2026,0,0,0,0,0,0,0,,,,
Dhaka,Dhaka,"DNCC Dedicated Covid-19 Hospital, Mohakhali, Dhaka",dncc.covid@hospi.dghs.gov.bd,4/24/2026,221,52,1,0,120,158,0,,,,
Dhaka,Dhaka,"Dr. M R Khan Shishu Hospital & Institute of Child Health, Mirpur-2, Dhaka",mrkhan.shishu@gmail.com,4/24/2026,37,30,0,0,9,12,0,,,,
Dhaka,Dhaka,"Dr.Sirajul Islam Medical College & Hospital Ltd.,",simch.bd@gmail.com,4/24/2026,0,0,0,0,0,0,0,,,,
Dhaka,Dhaka,Enam Medical College & Hospital,info@emch.com.bd,4/24/2026,0,0,0,0,10,4,0,,,,
Dhaka,Dhaka,Evercare Hospital Dhaka,mrdept@evercarebd.com,4/24/2026,0,0,0,0,0,0,0,,,,
Dhaka,Dhaka,EXIM Bank Hospital,barikkhan1962@gmail.com,4/24/2026,0,0,0,0,0,0,0,,,,
Dhaka,Dhaka,Farabi General Hospital,jashimuddin4361@gmail.com,4/24/2026,0,0,0,0,0,0,0,,,,
Dhaka,Dhaka,Green Life Medical College Hospital,greenlifehospital@yahoo.com,4/24/2026,0,0,0,0,0,0,0,,,,
Dhaka,Dhaka,Health And Hope Hospital,healthandhope50@gmail.com,4/24/2026,0,0,0,0,0,0,0,,,,
Dhaka,Dhaka,Hi-Care General Hospital Ltd.,hicare13@gmail.com,4/24/2026,0,0,0,0,0,0,0,,,,
Dhaka,Dhaka,Holy Family Red Crescent M.C Hospital,hfrcmchdhaka@yahoo.com,4/24/2026,0,0,0,0,0,0,0,,,,
Dhaka,Dhaka,"Ibn Sina Hospital, Dhanmondi, Dhaka-1209",ibnsinahospitaldhanmondidengue@gmail.com,4/24/2026,0,0,0,0,0,0,0,,,,
Dhaka,Dhaka,"Ibn Sina Medical College Hospital, Kallyanpur, Mirpur, Dhaka",ismchoffice@gmail.com,4/24/2026,0,0,0,0,0,0,0,,,,
Dhaka,Dhaka,"icddr,b Hospital, Mohakhali, Dhaka",mmobegum@icddrb.org,4/24/2026,0,0,0,0,0,0,0,,,,
Dhaka,Dhaka,"Infectious Diseases Hospital, Mohakhali",kidh@hospi.dghs.gov.bd,4/24/2026,25,0,1,0,9,7,0,,,,
Dhaka,Dhaka,Insaf Barakh Kidney & General Hospital,insafbarakah@gmail.com,4/24/2026,0,0,0,0,0,0,0,,,,
Dhaka,Dhaka,"Islami Bank Central Hospital, Kakrail, Dhaka.",ibhdit@yahoo.com,4/24/2026,0,0,0,0,0,0,0,,,,
Dhaka,Dhaka,Islami Bank Hospital Mirpur,ibhmirpur@gmail.com,4/24/2026,0,0,0,0,0,0,0,,,,
Dhaka,Dhaka,Islami Bank Hospital Motijheel,ibhdhaka@gmail.com,4/24/2026,0,0,0,0,0,0,0,,,,
Dhaka,Dhaka,"Islami Bank Hospital Mugda, Dhaka",ibhmugda@gmail.com,4/24/2026,0,0,0,0,0,0,0,,,,
Dhaka,Dhaka,Japan Bangladesh Friendship Hospital Ltd.,jbfh24@yahoo.com,4/24/2026,0,0,0,0,0,0,0,,,,
Dhaka,Dhaka,Khidmah Hospital (Pvt.) Ltd.,info@khidmahhospital.com,4/24/2026,0,0,0,0,0,0,0,,,,
Dhaka,Dhaka,Kurmitola General Hospital,curmitolahospital@hospi.dghs.gov.bd,4/24/2026,5,0,0,0,2,3,0,,,,
Dhaka,Dhaka,Kuwait Bangladesh Friendship Govt. Hospital,kbfgh@hospi.dghs.gov.bd,4/24/2026,0,0,0,0,0,0,0,,,,
Dhaka,Dhaka,Labaid Hospital,shankarpanday144@gmail.com,4/24/2026,0,0,0,0,0,0,0,,,,
Dhaka,Dhaka,Life & Care Hospital Ltd.,lifeandcarehospital@gmail.com,4/24/2026,0,0,0,0,0,0,0,,,,
Dhaka,Dhaka,MARKS Medical College and Hospital,marksgroupit@gmail.com,4/24/2026,0,0,0,0,0,0,0,,,,
Dhaka,Dhaka,Medical College for Women & Hospital,nurarubel@outlook.com,4/24/2026,0,0,0,0,0,0,0,,,,
Dhaka,Dhaka,Metorpolitan Medical Centre Ltd.,mmcl_nc@yahoo.com,4/24/2026,0,0,0,0,0,0,0,,,,
Dhaka,Dhaka,Millennium Specialized Hospital Ltd.,infomshl99@gmail.com,4/24/2026,0,0,0,0,0,0,0,,,,
Dhaka,Dhaka,Monowara Hospital Pvt Ltd,monowarahospital@gmail.com,4/24/2026,0,0,0,0,0,0,0,,,,
Dhaka,Dhaka,Mugda Medical College Hospital,first@hospi.dghs.gov.bd,4/24/2026,16,0,0,0,16,15,0,,,,
Dhaka,Dhaka,"Northern International Medical College, Dhanmondi, Dhaka",drjihadortho@gmail.com,4/24/2026,0,0,0,0,0,0,0,,,,
Dhaka,Dhaka,Padma General Hospital Ltd,pghl1999@gmail.com,4/24/2026,0,0,0,0,0,0,0,,,,
Dhaka,Dhaka,Popular Medical College Hospital,pmchcoordinator@yahoo.com,4/24/2026,0,0,0,0,0,0,0,,,,
Dhaka,Dhaka,"Sajida Hospital, Keranigonj, Dhaka",liaquate@sajida.org,4/24/2026,0,0,0,0,0,0,0,,,,
Dhaka,Dhaka,Salauddin Specialized Hospital Ltd,salauddinsphospital@gmail.com,4/24/2026,0,0,0,0,0,0,0,,,,
Dhaka,Dhaka,Samorita Hospital Limited,samoritahrd.it@gmail.com,4/24/2026,0,0,0,0,0,0,0,,,,
Dhaka,Dhaka,Shaheed Monsur Ali Medical College Hospital,smamch.1995@gmail.com,4/24/2026,0,0,0,0,0,0,0,,,,
Dhaka,Dhaka,Shaheed Suhrawardy Medical College Hospital,ssh@hospi.dghs.gov.bd,4/24/2026,21,28,0,0,20,26,0,,,,
Dhaka,Dhaka,Sir Salimullah Medical College Mitford Hospital,mitford@hospi.dghs.gov.bd,4/24/2026,8,0,0,0,0,0,0,,,,
Dhaka,Dhaka,Square Hospital Ltd.,muktadir@squarehospital.com,4/24/2026,0,0,0,0,0,0,0,,,,
Dhaka,Dhaka,United Hospital,medical.records@uhlbd.com,4/24/2026,0,0,0,0,0,0,0,,,,
Dhaka,Dhaka,United Medical College Hospital,unknown@umch.com,4/24/2026,0,0,0,0,0,0,0,,,,
Dhaka,Dhaka,Universal Medical College & Hospital,umcrc2022@gmail.com,4/24/2026,0,2,0,1,0,0,0,,,,
Dhaka,Dhaka,Uttara Adhunik Medical College Hospital,dduamch@gmail.com,4/24/2026,0,0,0,0,0,0,0,,,,
Dhaka,Dhaka,"Zainul Haque Sikder Women's Medical College & Hospital (Pvt.) Ltd. , Gulshan Branch",info@sikderhospital.net,4/24/2026,0,0,0,0,0,0,0,,,,
Dhaka,Faridpur,Faridpur Civil Surgeon Office,faridpur@cs.dghs.gov.bd,4/24/2026,31,0,1,0,31,36,0,,,,
Dhaka,Gazipur,Gazipur Civil Surgeon Office,gazipur@cs.dghs.gov.bd,4/24/2026,8,0,0,0,8,4,0,,,,
Dhaka,Gopalganj,Gopalganj Civil Surgeon Office,gopalganj@cs.dghs.gov.bd,4/24/2026,16,0,0,0,14,12,0,,,,
Dhaka,Kishoreganj,Kishoreganj Civil Surgeon Office,kishoreganj@cs.dghs.gov.bd,4/24/2026,35,0,0,0,24,13,0,,,,
Dhaka,Madaripur,Madaripur Civil Surgeon Office,madaripur@cs.dghs.gov.bd,4/24/2026,2,0,0,0,0,0,0,,,,
Dhaka,Manikganj,Manikganj Civil Surgeon Office,manikganj@cs.dghs.gov.bd,4/24/2026,18,0,0,0,14,11,0,,,,
Dhaka,Munshiganj,Munshiganj Civil Surgeon Office,munshiganj@cs.dghs.gov.bd,4/24/2026,3,0,0,0,2,2,0,,,,
Dhaka,Narayanganj,Narayanganj Civil Surgeon Office,narayanganj@cs.dghs.gov.bd,4/24/2026,0,0,0,0,0,0,0,,,,
Dhaka,Narsingdi,Narsingdi Civil Surgeon Office,narsingdi@cs.dghs.gov.bd,4/24/2026,11,0,0,0,11,8,0,,,,
Dhaka,Rajbari,Rajbari Civil Surgeon Office,rajbari@cs.dghs.gov.bd,4/24/2026,5,0,0,0,5,2,0,,,,
Dhaka,Shariatpur,Shariatpur Civil Surgeon Office,shariatpur@cs.dghs.gov.bd,4/24/2026,5,2,0,0,3,12,0,,,,
Dhaka,Tangail,Tangail Civil Surgeon Office,tangail@cs.dghs.gov.bd,4/24/2026,37,0,0,0,24,22,0,,,,
Dhaka,Dhaka,"Ad-din Women's Medical College Hospital, Moghbazar, Dhaka-1217",mdshihab886@gmail.com,4/25/2026,0,0,0,0,2,1,0,,,,
Dhaka,Dhaka,Aichi Hospital LTD,sabik.aichi@gmail.com,4/25/2026,0,1,0,0,0,0,0,,,,
Dhaka,Dhaka,AMZ Hospital Ltd,amzhospitalltd.mis10699@gmail.com,4/25/2026,1,0,0,0,1,1,0,,,,
Dhaka,Dhaka,Anwer Khan Modern Medical College Hospital,akmmchcovid19@gmail.com,4/25/2026,0,8,0,0,1,1,0,,,,
Dhaka,Dhaka,Asgar Ali Hospital,zahidulhaq@asgaralihospital.com,4/25/2026,1,1,0,0,1,0,0,,,,
Dhaka,Dhaka,Bangladesh medical University,bmu@example.com,4/25/2026,8,8,0,0,8,0,0,,,,
Dhaka,Dhaka,Bangladesh Shishu (Children) Hospital & Institute,epiddsh@gmail.com,4/25/2026,14,0,2,0,14,3,0,,,,
Dhaka,Dhaka,Bangladesh Specialized Hospital,bshl.dhaka@gmail.com,4/25/2026,1,1,0,0,1,1,0,,,,
Dhaka,Dhaka,BIHS General Hospital,mhasemanto@gmail.com,4/25/2026,2,1,0,0,2,0,0,,,,
Dhaka,Dhaka,BIRDEM Women & Children Hospital,birdem-2@dab-bd.org,4/25/2026,1,0,0,0,1,0,0,,,,
Dhaka,Dhaka,BRB Hospital Ltd,rasel.hr@brbhospital.com,4/25/2026,2,1,0,0,0,0,0,,,,
Dhaka,Dhaka,Central Police Hospital,unkown@cph.gov.bd,4/25/2026,0,3,0,0,0,4,0,,,,
Dhaka,Dhaka,City Hospital Ltd.,cityhosp.bd@gmail.com,4/25/2026,0,0,0,0,0,0,0,,,,
Dhaka,Dhaka,Dhaka Civil Surgeon Office,dhaka@cs.dghs.gov.bd,4/25/2026,9,0,0,0,9,11,0,,,,
Dhaka,Dhaka,Dhaka Community Medical college Hospital,ashrafulislamirfan@gmail.com,4/25/2026,78,2,0,0,2,1,0,,,,
Dhaka,Dhaka,"DNCC Dedicated Covid-19 Hospital, Mohakhali, Dhaka",dncc.covid@hospi.dghs.gov.bd,4/25/2026,207,96,0,0,133,109,0,,,,
Dhaka,Dhaka,"Dr. M R Khan Shishu Hospital & Institute of Child Health, Mirpur-2, Dhaka",mrkhan.shishu@gmail.com,4/25/2026,32,32,0,0,6,4,0,,,,
Dhaka,Dhaka,Enam Medical College & Hospital,info@emch.com.bd,4/25/2026,0,1,0,0,3,1,0,,,,
Dhaka,Dhaka,Evercare Hospital Dhaka,mrdept@evercarebd.com,4/25/2026,0,0,0,0,0,1,0,,,,
Dhaka,Dhaka,Holy Family Red Crescent M.C Hospital,hfrcmchdhaka@yahoo.com,4/25/2026,0,2,0,0,0,2,0,,,,
Dhaka,Dhaka,"Infectious Diseases Hospital, Mohakhali",kidh@hospi.dghs.gov.bd,4/25/2026,20,0,0,0,11,0,0,,,,
Dhaka,Dhaka,Kurmitola General Hospital,curmitolahospital@hospi.dghs.gov.bd,4/25/2026,6,0,0,0,6,0,0,,,,
Dhaka,Dhaka,Kuwait Bangladesh Friendship Govt. Hospital,kbfgh@hospi.dghs.gov.bd,4/25/2026,0,4,0,0,5,2,0,,,,
Dhaka,Dhaka,Labaid Hospital,shankarpanday144@gmail.com,4/25/2026,0,0,0,0,0,0,0,,,,
Dhaka,Dhaka,Medical College for Women & Hospital,nurarubel@outlook.com,4/25/2026,0,0,0,0,1,0,0,,,,
Dhaka,Dhaka,Mugda Medical College Hospital,first@hospi.dghs.gov.bd,4/25/2026,8,0,0,0,8,2,0,,,,
Dhaka,Dhaka,Shaheed Monsur Ali Medical College Hospital,smamch.1995@gmail.com,4/25/2026,0,0,0,0,1,4,0,,,,
Dhaka,Dhaka,Shaheed Suhrawardy Medical College Hospital,ssh@hospi.dghs.gov.bd,4/25/2026,29,0,0,0,27,9,0,,,,
Dhaka,Dhaka,Sir Salimullah Medical College Mitford Hospital,mitford@hospi.dghs.gov.bd,4/25/2026,23,0,0,0,0,0,0,,,,
Dhaka,Dhaka,Universal Medical College & Hospital,umcrc2022@gmail.com,4/25/2026,0,0,0,0,0,1,0,,,,
Dhaka,Faridpur,Faridpur Civil Surgeon Office,faridpur@cs.dghs.gov.bd,4/25/2026,9,0,0,0,9,0,0,,,,
Dhaka,Gazipur,Gazipur Civil Surgeon Office,gazipur@cs.dghs.gov.bd,4/25/2026,30,0,0,0,30,28,0,,,,
Dhaka,Gopalganj,Gopalganj Civil Surgeon Office,gopalganj@cs.dghs.gov.bd,4/25/2026,6,0,0,0,6,6,0,,,,
Dhaka,Kishoreganj,Kishoreganj Civil Surgeon Office,kishoreganj@cs.dghs.gov.bd,4/25/2026,13,0,0,0,19,9,0,,,,
Dhaka,Madaripur,Madaripur Civil Surgeon Office,madaripur@cs.dghs.gov.bd,4/25/2026,26,0,0,0,26,16,0,,,,
Dhaka,Manikganj,Manikganj Civil Surgeon Office,manikganj@cs.dghs.gov.bd,4/25/2026,8,0,1,0,8,10,0,,,,
Dhaka,Munshiganj,Munshiganj Civil Surgeon Office,munshiganj@cs.dghs.gov.bd,4/25/2026,0,0,0,0,0,2,0,,,,
Dhaka,Narayanganj,Narayanganj Civil Surgeon Office,narayanganj@cs.dghs.gov.bd,4/25/2026,0,0,0,0,0,0,0,,,,
Dhaka,Narsingdi,Narsingdi Civil Surgeon Office,narsingdi@cs.dghs.gov.bd,4/25/2026,10,0,0,0,10,11,0,,,,
Dhaka,Rajbari,Rajbari Civil Surgeon Office,rajbari@cs.dghs.gov.bd,4/25/2026,0,0,0,0,0,0,0,,,,
Dhaka,Shariatpur,Shariatpur Civil Surgeon Office,shariatpur@cs.dghs.gov.bd,4/25/2026,0,0,0,0,0,0,0,,,,
Dhaka,Tangail,Tangail Civil Surgeon Office,tangail@cs.dghs.gov.bd,4/25/2026,18,1,0,0,17,10,0,,,,
Khulna,Bagerhat,Bagerhat Civil Surgeon Office,bagerhat@cs.dghs.gov.bd,4/21/2026,3,0,0,0,3,3,0,,,,
Khulna,Chuadanga,Chuadanga Civil Surgeon Office,chuadanga@cs.dghs.gov.bd,4/21/2026,1,0,0,0,1,0,0,,,,
Khulna,Jashore,Jashore Civil Surgeon Office,jashore@cs.dghs.gov.bd,4/21/2026,7,0,0,0,7,20,0,,,,
Khulna,Jhenaidah,Jhenaidah Civil Surgeon Office,jhenaidah@cs.dghs.gov.bd,4/21/2026,6,0,0,0,6,5,0,,,,
Khulna,Khulna,Khulna Civil Surgeon Office,khulna@cs.dghs.gov.bd,4/21/2026,11,0,0,0,11,13,0,,,,
Khulna,Kushtia,Kushtia Civil Surgeon Office,kushtia@cs.dghs.gov.bd,4/21/2026,20,0,0,0,20,30,0,,,,
Khulna,Magura,Magura Civil Surgeon Office,magura@cs.dghs.gov.bd,4/21/2026,9,0,0,0,9,13,0,,,,
Khulna,Meherpur,Meherpur Civil Surgeon Office,meherpur@cs.dghs.gov.bd,4/21/2026,5,0,0,0,3,0,0,,,,
Khulna,Narail,Narail Civil Surgeon Office,narail@cs.dghs.gov.bd,4/21/2026,4,0,0,0,4,3,0,,,,
Khulna,Satkhira,Satkhira Civil Surgeon Office,satkhira@cs.dghs.gov.bd,4/21/2026,5,0,0,0,5,1,0,,,,
Mymensingh,Mymensingh,Mymensingh Civil Surgeon Office,mymensingh@cs.dghs.gov.bd,4/22/2026,0,0,0,0,0,0,0,,,,
Mymensingh,Netrokona,Netrokona Civil Surgeon Office,netrokona@cs.dghs.gov.bd,4/22/2026,6,0,0,0,6,5,0,,,,
Mymensingh,Sherpur,Sherpur Civil Surgeon Office,sherpur@cs.dghs.gov.bd,4/22/2026,2,0,0,0,2,2,0,,,,
Rajshahi,Bogura,Bogura Civil Surgeon Office,bogura@cs.dghs.gov.bd,4/22/2026,0,0,0,0,5,10,0,,,,
Rajshahi,Chapainawabganj,Chapainawabganj Civil Surgeon Office,chapainawabganj@cs.dghs.gov.bd,4/22/2026,35,0,0,0,35,30,0,,,,
Rajshahi,Joypurhat,Joypurhat Civil Surgeon Office,joypurhat@cs.dghs.gov.bd,4/22/2026,3,0,0,0,3,6,0,,,,
Rajshahi,Naogaon,Naogaon Civil Surgeon Office,naogaon@cs.dghs.gov.bd,4/22/2026,2,0,0,0,2,13,0,,,,
Khulna,Chuadanga,Chuadanga Civil Surgeon Office,chuadanga@cs.dghs.gov.bd,4/23/2026,2,0,0,0,2,1,0,,,,
Khulna,Jashore,Jashore Civil Surgeon Office,jashore@cs.dghs.gov.bd,4/23/2026,14,0,0,0,6,23,0,,,,
Khulna,Jhenaidah,Jhenaidah Civil Surgeon Office,jhenaidah@cs.dghs.gov.bd,4/23/2026,6,0,0,0,6,4,0,,,,
Khulna,Khulna,Khulna Civil Surgeon Office,khulna@cs.dghs.gov.bd,4/23/2026,8,0,1,0,8,5,0,,,,
Khulna,Kushtia,Kushtia Civil Surgeon Office,kushtia@cs.dghs.gov.bd,4/23/2026,29,0,0,0,29,16,0,,,,
Khulna,Magura,Magura Civil Surgeon Office,magura@cs.dghs.gov.bd,4/23/2026,9,0,0,0,9,5,0,,,,
Khulna,Meherpur,Meherpur Civil Surgeon Office,meherpur@cs.dghs.gov.bd,4/23/2026,5,0,0,0,3,1,0,,,,
Khulna,Narail,Narail Civil Surgeon Office,narail@cs.dghs.gov.bd,4/23/2026,2,0,0,0,2,3,0,,,,
Khulna,Satkhira,Satkhira Civil Surgeon Office,satkhira@cs.dghs.gov.bd,4/23/2026,3,0,0,0,3,2,0,,,,
Khulna,Chuadanga,Chuadanga Civil Surgeon Office,chuadanga@cs.dghs.gov.bd,4/24/2026,0,0,0,0,0,1,0,,,,
Khulna,Jashore,Jashore Civil Surgeon Office,jashore@cs.dghs.gov.bd,4/24/2026,23,3,0,0,18,6,0,,,,
Khulna,Jhenaidah,Jhenaidah Civil Surgeon Office,jhenaidah@cs.dghs.gov.bd,4/24/2026,4,0,0,0,4,4,0,,,,
Khulna,Khulna,Khulna Civil Surgeon Office,khulna@cs.dghs.gov.bd,4/24/2026,16,1,0,0,16,10,0,,,,
Khulna,Kushtia,Kushtia Civil Surgeon Office,kushtia@cs.dghs.gov.bd,4/24/2026,27,0,0,0,27,25,0,,,,
Khulna,Magura,Magura Civil Surgeon Office,magura@cs.dghs.gov.bd,4/24/2026,6,0,0,0,6,6,0,,,,
Khulna,Meherpur,Meherpur Civil Surgeon Office,meherpur@cs.dghs.gov.bd,4/24/2026,13,0,0,0,7,5,0,,,,
Khulna,Narail,Narail Civil Surgeon Office,narail@cs.dghs.gov.bd,4/24/2026,2,1,0,0,3,5,0,,,,
Khulna,Satkhira,Satkhira Civil Surgeon Office,satkhira@cs.dghs.gov.bd,4/24/2026,2,0,0,0,2,3,0,,,,
Khulna,Bagerhat,Bagerhat Civil Surgeon Office,bagerhat@cs.dghs.gov.bd,4/25/2026,0,0,0,0,0,0,0,,,,
Khulna,Chuadanga,Chuadanga Civil Surgeon Office,chuadanga@cs.dghs.gov.bd,4/25/2026,4,0,0,0,4,2,0,,,,
Khulna,Jashore,Jashore Civil Surgeon Office,jashore@cs.dghs.gov.bd,4/25/2026,2,3,0,0,2,5,0,,,,
Khulna,Jhenaidah,Jhenaidah Civil Surgeon Office,jhenaidah@cs.dghs.gov.bd,4/25/2026,0,0,0,0,0,0,0,,,,
Khulna,Khulna,Khulna Civil Surgeon Office,khulna@cs.dghs.gov.bd,4/25/2026,8,0,0,0,8,17,0,,,,
Khulna,Kushtia,Kushtia Civil Surgeon Office,kushtia@cs.dghs.gov.bd,4/25/2026,28,0,0,0,28,20,0,,,,
Khulna,Magura,Magura Civil Surgeon Office,magura@cs.dghs.gov.bd,4/25/2026,9,0,0,0,9,12,0,,,,
Khulna,Meherpur,Meherpur Civil Surgeon Office,meherpur@cs.dghs.gov.bd,4/25/2026,5,0,0,0,2,1,0,,,,
Khulna,Narail,Narail Civil Surgeon Office,narail@cs.dghs.gov.bd,4/25/2026,0,0,0,0,0,0,0,,,,
Khulna,Satkhira,Satkhira Civil Surgeon Office,satkhira@cs.dghs.gov.bd,4/25/2026,3,1,0,0,3,0,0,,,,
Mymensingh,Jamalpur,Jamalpur Civil Surgeon Office,jamalpur@cs.dghs.gov.bd,4/21/2026,1,0,0,0,1,5,0,,,,
Mymensingh,Mymensingh,Mymensingh Civil Surgeon Office,mymensingh@cs.dghs.gov.bd,4/21/2026,4,0,0,0,2,0,0,,,,
Mymensingh,Netrokona,Netrokona Civil Surgeon Office,netrokona@cs.dghs.gov.bd,4/21/2026,2,0,0,0,2,8,0,,,,
Mymensingh,Sherpur,Sherpur Civil Surgeon Office,sherpur@cs.dghs.gov.bd,4/21/2026,3,0,0,0,1,0,0,,,,
Rajshahi,Natore,Natore Civil Surgeon Office,natore@cs.dghs.gov.bd,4/22/2026,9,0,0,0,0,7,0,,,,
Rajshahi,Pabna,Pabna Civil Surgeon Office,pabna@cs.dghs.gov.bd,4/22/2026,12,0,0,0,12,20,0,,,,
Rajshahi,Rajshahi,Rajshahi Civil Surgeon Office,rajshahi@cs.dghs.gov.bd,4/22/2026,0,0,0,0,0,0,0,,,,
Khulna,Bagerhat,Bagerhat Civil Surgeon Office,bagerhat@cs.dghs.gov.bd,4/23/2026,4,0,0,0,4,4,0,,,,
Mymensingh,Jamalpur,Jamalpur Civil Surgeon Office,jamalpur@cs.dghs.gov.bd,4/23/2026,1,0,0,0,1,0,0,,,,
Mymensingh,Mymensingh,Mymensingh Civil Surgeon Office,mymensingh@cs.dghs.gov.bd,4/23/2026,1,0,0,0,1,1,0,,,,
Mymensingh,Netrokona,Netrokona Civil Surgeon Office,netrokona@cs.dghs.gov.bd,4/23/2026,17,0,0,0,16,3,0,,,,
Mymensingh,Jamalpur,Jamalpur Civil Surgeon Office,jamalpur@cs.dghs.gov.bd,4/24/2026,8,0,0,0,8,0,0,,,,
Mymensingh,Mymensingh,Mymensingh Civil Surgeon Office,mymensingh@cs.dghs.gov.bd,4/24/2026,1,0,0,0,0,0,0,,,,
Mymensingh,Netrokona,Netrokona Civil Surgeon Office,netrokona@cs.dghs.gov.bd,4/24/2026,10,0,0,0,9,4,0,,,,
Mymensingh,Sherpur,Sherpur Civil Surgeon Office,sherpur@cs.dghs.gov.bd,4/24/2026,3,0,0,0,3,3,0,,,,
Mymensingh,Jamalpur,Jamalpur Civil Surgeon Office,jamalpur@cs.dghs.gov.bd,4/25/2026,0,0,0,0,0,0,0,,,,
Mymensingh,Mymensingh,Mymensingh Civil Surgeon Office,mymensingh@cs.dghs.gov.bd,4/25/2026,0,0,0,0,0,0,0,,,,
Mymensingh,Netrokona,Netrokona Civil Surgeon Office,netrokona@cs.dghs.gov.bd,4/25/2026,10,0,0,0,10,4,0,,,,
Mymensingh,Sherpur,Sherpur Civil Surgeon Office,sherpur@cs.dghs.gov.bd,4/25/2026,0,0,0,0,0,0,0,,,,
Rajshahi,Bogura,Bogura Civil Surgeon Office,bogura@cs.dghs.gov.bd,4/21/2026,0,0,0,0,12,3,0,,,,
Rajshahi,Chapainawabganj,Chapainawabganj Civil Surgeon Office,chapainawabganj@cs.dghs.gov.bd,4/21/2026,27,0,0,0,27,43,0,,,,
Rajshahi,Joypurhat,Joypurhat Civil Surgeon Office,joypurhat@cs.dghs.gov.bd,4/21/2026,2,0,0,0,2,10,0,,,,
Rajshahi,Naogaon,Naogaon Civil Surgeon Office,naogaon@cs.dghs.gov.bd,4/21/2026,6,0,0,0,3,1,0,,,,
Rajshahi,Natore,Natore Civil Surgeon Office,natore@cs.dghs.gov.bd,4/21/2026,8,0,0,0,1,4,0,,,,
Rajshahi,Pabna,Pabna Civil Surgeon Office,pabna@cs.dghs.gov.bd,4/21/2026,17,0,0,0,17,23,0,,,,
Rajshahi,Rajshahi,Rajshahi Civil Surgeon Office,rajshahi@cs.dghs.gov.bd,4/21/2026,0,0,0,0,0,0,0,,,,
Rajshahi,Rajshahi,Rajshahi Medical College Hospital,rajshahimch@hospi.dghs.gov.bd,4/21/2026,120,0,0,0,26,15,0,,,,
Rajshahi,Sirajganj,Sirajganj Civil Surgeon Office,sirajganj@cs.dghs.gov.bd,4/21/2026,17,17,0,0,17,6,0,,,,
Rajshahi,Rajshahi,Rajshahi Medical College Hospital,rajshahimch@hospi.dghs.gov.bd,4/22/2026,125,0,0,0,25,20,0,,,,
Rajshahi,Sirajganj,Sirajganj Civil Surgeon Office,sirajganj@cs.dghs.gov.bd,4/22/2026,7,7,0,0,7,12,0,,,,
Rangpur,Dinajpur,Dinajpur Civil Surgeon Office,dinajpur@cs.dghs.gov.bd,4/22/2026,30,0,0,0,0,0,0,,,,
Rangpur,Gaibandha,Gaibandha Civil Surgeon Office,gaibandha@cs.dghs.gov.bd,4/22/2026,3,0,0,0,2,1,0,,,,
Rangpur,Rangpur,Kasir Uddin Hospital & Diagnostic Center,zunaed.kmmch@gmail.com,4/22/2026,0,0,0,0,0,0,0,,,,
Rangpur,Kurigram,Kurigram Civil Surgeon Office,kurigram@cs.dghs.gov.bd,4/22/2026,0,0,0,0,0,0,0,,,,
Mymensingh,Sherpur,Sherpur Civil Surgeon Office,sherpur@cs.dghs.gov.bd,4/23/2026,7,0,0,0,4,0,0,,,,
Rajshahi,Bogura,Bogura Civil Surgeon Office,bogura@cs.dghs.gov.bd,4/23/2026,0,0,0,0,8,11,0,,,,
Rajshahi,Chapainawabganj,Chapainawabganj Civil Surgeon Office,chapainawabganj@cs.dghs.gov.bd,4/23/2026,26,0,0,0,26,18,0,,,,
Rajshahi,Joypurhat,Joypurhat Civil Surgeon Office,joypurhat@cs.dghs.gov.bd,4/23/2026,1,0,0,0,1,1,0,,,,
Rajshahi,Naogaon,Naogaon Civil Surgeon Office,naogaon@cs.dghs.gov.bd,4/23/2026,6,0,0,0,3,3,0,,,,
Rajshahi,Natore,Natore Civil Surgeon Office,natore@cs.dghs.gov.bd,4/23/2026,11,0,0,0,0,9,0,,,,
Rajshahi,Pabna,Pabna Civil Surgeon Office,pabna@cs.dghs.gov.bd,4/23/2026,21,0,0,0,21,20,0,,,,
Rajshahi,Rajshahi,Rajshahi Civil Surgeon Office,rajshahi@cs.dghs.gov.bd,4/23/2026,0,0,0,0,0,0,0,,,,
Rajshahi,Rajshahi,Rajshahi Medical College Hospital,rajshahimch@hospi.dghs.gov.bd,4/23/2026,145,0,0,0,28,8,0,,,,
Rajshahi,Bogura,Bogura Civil Surgeon Office,bogura@cs.dghs.gov.bd,4/24/2026,10,0,0,0,4,5,0,,,,
Rajshahi,Chapainawabganj,Chapainawabganj Civil Surgeon Office,chapainawabganj@cs.dghs.gov.bd,4/24/2026,43,0,0,0,43,36,0,,,,
Rajshahi,Joypurhat,Joypurhat Civil Surgeon Office,joypurhat@cs.dghs.gov.bd,4/24/2026,3,0,0,0,3,6,0,,,,
Rajshahi,Naogaon,Naogaon Civil Surgeon Office,naogaon@cs.dghs.gov.bd,4/24/2026,5,1,0,0,5,6,0,,,,
Rajshahi,Natore,Natore Civil Surgeon Office,natore@cs.dghs.gov.bd,4/24/2026,12,0,0,0,0,8,0,,,,
Rajshahi,Pabna,Pabna Civil Surgeon Office,pabna@cs.dghs.gov.bd,4/24/2026,24,0,0,0,24,18,0,,,,
Rajshahi,Rajshahi,Rajshahi Civil Surgeon Office,rajshahi@cs.dghs.gov.bd,4/24/2026,0,0,0,0,0,0,0,,,,
Rajshahi,Rajshahi,Rajshahi Medical College Hospital,rajshahimch@hospi.dghs.gov.bd,4/24/2026,139,0,0,0,21,27,0,,,,
Rajshahi,Sirajganj,Sirajganj Civil Surgeon Office,sirajganj@cs.dghs.gov.bd,4/24/2026,11,11,0,0,11,14,0,,,,
Rajshahi,Bogura,Bogura Civil Surgeon Office,bogura@cs.dghs.gov.bd,4/25/2026,5,0,0,0,17,7,0,,,,
Rajshahi,Chapainawabganj,Chapainawabganj Civil Surgeon Office,chapainawabganj@cs.dghs.gov.bd,4/25/2026,21,0,0,0,21,21,0,,,,
Rajshahi,Joypurhat,Joypurhat Civil Surgeon Office,joypurhat@cs.dghs.gov.bd,4/25/2026,1,0,0,0,1,0,0,,,,
Rajshahi,Naogaon,Naogaon Civil Surgeon Office,naogaon@cs.dghs.gov.bd,4/25/2026,1,0,0,0,1,0,0,,,,
Rajshahi,Natore,Natore Civil Surgeon Office,natore@cs.dghs.gov.bd,4/25/2026,0,0,0,0,0,7,0,,,,
Rajshahi,Pabna,Pabna Civil Surgeon Office,pabna@cs.dghs.gov.bd,4/25/2026,14,0,0,0,14,10,0,,,,
Rajshahi,Rajshahi,Rajshahi Civil Surgeon Office,rajshahi@cs.dghs.gov.bd,4/25/2026,0,0,0,0,0,0,0,,,,
Rajshahi,Rajshahi,Rajshahi Medical College Hospital,rajshahimch@hospi.dghs.gov.bd,4/25/2026,144,0,1,0,10,4,0,,,,
Rajshahi,Sirajganj,Sirajganj Civil Surgeon Office,sirajganj@cs.dghs.gov.bd,4/25/2026,9,9,0,0,9,11,0,,,,
Rangpur,Dinajpur,Dinajpur Civil Surgeon Office,dinajpur@cs.dghs.gov.bd,4/21/2026,0,0,0,0,0,0,0,,,,
Rangpur,Gaibandha,Gaibandha Civil Surgeon Office,gaibandha@cs.dghs.gov.bd,4/21/2026,0,0,0,0,0,0,0,,,,
Rangpur,Kurigram,Kurigram Civil Surgeon Office,kurigram@cs.dghs.gov.bd,4/21/2026,0,0,0,0,0,0,0,,,,
Rangpur,Lalmonirhat,Lalmonirhat Civil Surgeon Office,lalmonirhat@cs.dghs.gov.bd,4/21/2026,1,0,0,0,1,1,0,,,,
Rangpur,Nilphamari,Nilphamari Civil Surgeon Office,nilphamari@cs.dghs.gov.bd,4/21/2026,1,0,0,0,1,3,0,,,,
Rangpur,Panchagarh,Panchagarh Civil Surgeon Office,panchagarh@cs.dghs.gov.bd,4/21/2026,2,0,0,0,2,0,0,,,,
Rangpur,Rangpur,Rangpur Civil Surgeon Office,rangpur@cs.dghs.gov.bd,4/21/2026,1,0,0,0,0,0,0,,,,
Rangpur,Rangpur,Kasir Uddin Hospital & Diagnostic Center,zunaed.kmmch@gmail.com,4/21/2026,0,0,0,0,0,0,0,,,,
Rangpur,Thakurgaon,Thakurgaon Civil Surgeon Office,thakurgaon@cs.dghs.gov.bd,4/21/2026,4,0,0,0,4,0,0,,,,
Rangpur,Lalmonirhat,Lalmonirhat Civil Surgeon Office,lalmonirhat@cs.dghs.gov.bd,4/22/2026,0,0,0,0,0,0,0,,,,
Rangpur,Nilphamari,Nilphamari Civil Surgeon Office,nilphamari@cs.dghs.gov.bd,4/22/2026,4,0,0,0,4,2,0,,,,
Rangpur,Panchagarh,Panchagarh Civil Surgeon Office,panchagarh@cs.dghs.gov.bd,4/22/2026,1,0,0,0,1,0,0,,,,
Rangpur,Rangpur,Rangpur Civil Surgeon Office,rangpur@cs.dghs.gov.bd,4/22/2026,1,0,0,0,0,0,0,,,,
Rangpur,Thakurgaon,Thakurgaon Civil Surgeon Office,thakurgaon@cs.dghs.gov.bd,4/22/2026,2,0,0,0,2,3,0,,,,
Sylhet,Habiganj,Habiganj Civil Surgeon Office,habiganj@cs.dghs.gov.bd,4/22/2026,1,0,0,0,1,5,0,,,,
Sylhet,Moulvibazar,Moulvibazar Civil Surgeon Office,moulvibazar@cs.dghs.gov.bd,4/22/2026,6,0,0,0,6,6,0,,,,
Rajshahi,Sirajganj,Sirajganj Civil Surgeon Office,sirajganj@cs.dghs.gov.bd,4/23/2026,6,6,0,0,6,12,0,,,,
Rangpur,Dinajpur,Dinajpur Civil Surgeon Office,dinajpur@cs.dghs.gov.bd,4/23/2026,22,1,0,0,0,0,0,,,,
Rangpur,Gaibandha,Gaibandha Civil Surgeon Office,gaibandha@cs.dghs.gov.bd,4/23/2026,4,0,0,0,2,2,0,,,,
Rangpur,Kurigram,Kurigram Civil Surgeon Office,kurigram@cs.dghs.gov.bd,4/23/2026,0,0,0,0,0,0,0,,,,
Rangpur,Lalmonirhat,Lalmonirhat Civil Surgeon Office,lalmonirhat@cs.dghs.gov.bd,4/23/2026,1,0,0,0,0,2,0,,,,
Rangpur,Nilphamari,Nilphamari Civil Surgeon Office,nilphamari@cs.dghs.gov.bd,4/23/2026,2,0,0,0,2,0,0,,,,
Rangpur,Panchagarh,Panchagarh Civil Surgeon Office,panchagarh@cs.dghs.gov.bd,4/23/2026,2,0,0,0,1,0,0,,,,
Rangpur,Rangpur,Rangpur Civil Surgeon Office,rangpur@cs.dghs.gov.bd,4/23/2026,1,0,0,0,0,0,0,,,,
Rangpur,Rangpur,Kasir Uddin Hospital & Diagnostic Center,zunaed.kmmch@gmail.com,4/23/2026,0,0,0,0,0,0,0,,,,
Rangpur,Dinajpur,Dinajpur Civil Surgeon Office,dinajpur@cs.dghs.gov.bd,4/24/2026,0,0,0,0,0,0,0,,,,
Rangpur,Gaibandha,Gaibandha Civil Surgeon Office,gaibandha@cs.dghs.gov.bd,4/24/2026,0,0,0,0,0,1,0,,,,
Rangpur,Kurigram,Kurigram Civil Surgeon Office,kurigram@cs.dghs.gov.bd,4/24/2026,0,0,0,0,0,0,0,,,,
Rangpur,Lalmonirhat,Lalmonirhat Civil Surgeon Office,lalmonirhat@cs.dghs.gov.bd,4/24/2026,0,0,0,0,0,2,0,,,,
Rangpur,Nilphamari,Nilphamari Civil Surgeon Office,nilphamari@cs.dghs.gov.bd,4/24/2026,0,0,0,0,0,1,0,,,,
Rangpur,Panchagarh,Panchagarh Civil Surgeon Office,panchagarh@cs.dghs.gov.bd,4/24/2026,1,0,0,0,1,1,0,,,,
Rangpur,Rangpur,Rangpur Civil Surgeon Office,rangpur@cs.dghs.gov.bd,4/24/2026,0,0,0,0,0,0,0,,,,
Rangpur,Rangpur,Kasir Uddin Hospital & Diagnostic Center,zunaed.kmmch@gmail.com,4/24/2026,0,0,0,0,0,0,0,,,,
Rangpur,Thakurgaon,Thakurgaon Civil Surgeon Office,thakurgaon@cs.dghs.gov.bd,4/24/2026,2,0,0,0,2,4,0,,,,
Rangpur,Dinajpur,Dinajpur Civil Surgeon Office,dinajpur@cs.dghs.gov.bd,4/25/2026,0,0,0,0,0,0,0,,,,
Rangpur,Gaibandha,Gaibandha Civil Surgeon Office,gaibandha@cs.dghs.gov.bd,4/25/2026,2,0,0,0,2,0,0,,,,
Rangpur,Kurigram,Kurigram Civil Surgeon Office,kurigram@cs.dghs.gov.bd,4/25/2026,0,0,0,0,0,0,0,,,,
Rangpur,Lalmonirhat,Lalmonirhat Civil Surgeon Office,lalmonirhat@cs.dghs.gov.bd,4/25/2026,2,0,0,0,2,0,0,,,,
Rangpur,Nilphamari,Nilphamari Civil Surgeon Office,nilphamari@cs.dghs.gov.bd,4/25/2026,0,0,0,0,0,0,0,,,,
Rangpur,Panchagarh,Panchagarh Civil Surgeon Office,panchagarh@cs.dghs.gov.bd,4/25/2026,0,0,0,0,0,0,0,,,,
Rangpur,Rangpur,Rangpur Civil Surgeon Office,rangpur@cs.dghs.gov.bd,4/25/2026,0,0,0,0,0,0,0,,,,
Rangpur,Rangpur,Kasir Uddin Hospital & Diagnostic Center,zunaed.kmmch@gmail.com,4/25/2026,0,0,0,0,0,0,0,,,,
Rangpur,Thakurgaon,Thakurgaon Civil Surgeon Office,thakurgaon@cs.dghs.gov.bd,4/25/2026,0,0,0,0,0,0,0,,,,
Sylhet,Habiganj,Habiganj Civil Surgeon Office,habiganj@cs.dghs.gov.bd,4/21/2026,3,0,0,0,3,3,0,,,,
Sylhet,Moulvibazar,Moulvibazar Civil Surgeon Office,moulvibazar@cs.dghs.gov.bd,4/21/2026,5,0,0,0,5,9,0,,,,
Sylhet,Sunamganj,Sunamganj Civil Surgeon Office,sunamganj@cs.dghs.gov.bd,4/21/2026,12,0,1,0,12,8,0,,,,
Sylhet,Sylhet,Sylhet Civil Surgeon Office,sylhet@cs.dghs.gov.bd,4/21/2026,9,0,0,0,9,15,0,,,,
Sylhet,Sunamganj,Sunamganj Civil Surgeon Office,sunamganj@cs.dghs.gov.bd,4/22/2026,23,0,0,0,18,15,0,,,,
Sylhet,Sylhet,Sylhet Civil Surgeon Office,sylhet@cs.dghs.gov.bd,4/22/2026,17,0,0,0,14,6,0,,,,
Rangpur,Thakurgaon,Thakurgaon Civil Surgeon Office,thakurgaon@cs.dghs.gov.bd,4/23/2026,4,0,0,0,2,1,0,,,,
Sylhet,Habiganj,Habiganj Civil Surgeon Office,habiganj@cs.dghs.gov.bd,4/23/2026,1,0,0,0,1,4,0,,,,
Sylhet,Moulvibazar,Moulvibazar Civil Surgeon Office,moulvibazar@cs.dghs.gov.bd,4/23/2026,8,0,0,0,8,8,0,,,,
Sylhet,Sunamganj,Sunamganj Civil Surgeon Office,sunamganj@cs.dghs.gov.bd,4/23/2026,30,2,0,0,28,24,0,,,,
Sylhet,Habiganj,Habiganj Civil Surgeon Office,habiganj@cs.dghs.gov.bd,4/24/2026,3,0,0,0,3,5,0,,,,
Sylhet,Moulvibazar,Moulvibazar Civil Surgeon Office,moulvibazar@cs.dghs.gov.bd,4/24/2026,8,0,0,0,8,6,0,,,,
Sylhet,Sunamganj,Sunamganj Civil Surgeon Office,sunamganj@cs.dghs.gov.bd,4/24/2026,34,4,0,1,29,25,0,,,,
Sylhet,Sylhet,Sylhet Civil Surgeon Office,sylhet@cs.dghs.gov.bd,4/24/2026,19,6,0,0,18,9,0,,,,
Sylhet,Habiganj,Habiganj Civil Surgeon Office,habiganj@cs.dghs.gov.bd,4/25/2026,3,0,0,0,3,3,0,,,,
Sylhet,Moulvibazar,Moulvibazar Civil Surgeon Office,moulvibazar@cs.dghs.gov.bd,4/25/2026,6,0,0,0,6,4,0,,,,
Sylhet,Sunamganj,Sunamganj Civil Surgeon Office,sunamganj@cs.dghs.gov.bd,4/25/2026,10,13,1,0,10,7,0,,,,
Sylhet,Sylhet,Sylhet Civil Surgeon Office,sylhet@cs.dghs.gov.bd,4/25/2026,9,10,1,0,9,7,0,,,,
Sylhet,Sylhet,Sylhet Civil Surgeon Office,sylhet@cs.dghs.gov.bd,4/23/2026,13,0,0,0,13,10,0,,,,
Khulna,Bagerhat,Bagerhat Civil Surgeon Office,bagerhat@cs.dghs.gov.bd,4/24/2026,2,0,0,0,2,0,0,,,,
